Date,Temp,Hum,Batt
01/26/2019 14:10:00,    19.45 ,    62.00 ,    67.00 
01/26/2019 14:20:00,    19.44 ,    62.04 ,    67.00 
01/26/2019 14:30:00,    19.40 ,    63.00 ,    67.00 
01/26/2019 14:40:00,    19.50 ,    63.44 ,    67.00 
01/26/2019 14:50:00,    19.46 ,    64.00 ,    67.00 
01/26/2019 15:00:00,    19.43 ,    64.00 ,    67.00 
01/26/2019 15:10:00,    19.50 ,    64.24 ,    67.00 
01/26/2019 15:20:00,    19.45 ,    65.00 ,    67.00 
01/26/2019 15:30:00,    19.50 ,    65.00 ,    67.00 
01/26/2019 15:40:00,    19.50 ,    65.58 ,    67.00 
01/26/2019 15:50:00,    19.50 ,    66.00 ,    67.00 
01/26/2019 16:00:00,    19.50 ,    66.00 ,    67.00 
01/26/2019 16:10:00,    19.50 ,    66.00 ,    67.00 
01/26/2019 16:20:00,    19.55 ,    66.00 ,    67.00 
01/26/2019 16:30:00,    19.58 ,    65.76 ,    67.00 
01/26/2019 16:40:00,    19.53 ,    65.00 ,    67.00 
01/26/2019 16:50:00,    19.55 ,    65.00 ,    67.00 
01/26/2019 17:00:00,    19.44 ,    64.39 ,    67.00 
01/26/2019 17:10:00,    19.30 ,    63.00 ,    67.00 
01/26/2019 17:20:00,    19.20 ,    63.00 ,    67.00 
01/26/2019 17:30:00,    19.20 ,    63.00 ,    67.00 
01/26/2019 17:40:00,    19.17 ,    63.00 ,    67.00 
01/26/2019 17:50:00,    19.10 ,    63.00 ,    67.00 
01/26/2019 18:00:00,    19.15 ,    62.66 ,    67.00 
01/26/2019 18:10:00,    19.40 ,    61.10 ,    67.00 
01/26/2019 18:20:00,    19.40 ,    61.47 ,    67.00 
01/26/2019 18:30:00,    19.45 ,    62.00 ,    67.00 
01/26/2019 18:40:00,    19.50 ,    62.00 ,    67.00 
01/26/2019 18:50:00,    19.45 ,    62.00 ,    67.00 
01/26/2019 19:00:00,    19.53 ,    62.00 ,    67.00 
01/26/2019 19:10:00,    19.72 ,    61.23 ,    67.00 
01/26/2019 19:20:00,    20.06 ,    60.83 ,    67.00 
01/26/2019 19:30:00,    20.26 ,    60.00 ,    67.00 
01/26/2019 19:40:00,    20.36 ,    60.00 ,    67.00 
01/26/2019 19:50:00,    20.40 ,    60.00 ,    67.00 
01/26/2019 20:00:00,    20.30 ,    60.00 ,    67.00 
01/26/2019 20:10:00,    20.30 ,    60.90 ,    67.00 
01/26/2019 20:20:00,    20.30 ,    61.00 ,    67.00 
01/26/2019 20:30:00,    20.30 ,    61.00 ,    67.00 
01/26/2019 20:40:00,    20.32 ,    61.16 ,    67.00 
01/26/2019 20:50:00,    20.52 ,    62.00 ,    67.00 
01/26/2019 21:00:00,    20.50 ,    62.56 ,    67.00 
01/26/2019 21:10:00,    20.50 ,    63.00 ,    67.00 
01/26/2019 21:20:00,    20.50 ,    63.43 ,    67.00 
01/26/2019 21:30:00,    20.50 ,    64.00 ,    67.00 
01/26/2019 21:40:00,    20.50 ,    64.00 ,    67.00 
01/26/2019 21:50:00,    20.42 ,    64.00 ,    67.00 
01/26/2019 22:00:00,    20.40 ,    64.16 ,    67.00 
01/26/2019 22:10:00,    20.40 ,    65.00 ,    67.00 
01/26/2019 22:20:00,    20.40 ,    65.00 ,    67.00 
01/26/2019 22:30:00,    20.40 ,    65.00 ,    67.00 
01/26/2019 22:40:00,    20.40 ,    65.95 ,    67.00 
01/26/2019 22:50:00,    20.35 ,    65.64 ,    67.00 
01/26/2019 23:00:00,    20.32 ,    65.29 ,    67.00 
01/26/2019 23:10:00,    20.30 ,    66.00 ,    67.00 
01/26/2019 23:20:00,    20.30 ,    66.00 ,    67.00 
01/26/2019 23:30:00,    20.30 ,    66.00 ,    67.00 
01/26/2019 23:40:00,    20.30 ,    66.00 ,    67.00 
01/26/2019 23:50:00,    20.30 ,    66.00 ,    67.00 
01/27/2019 00:00:00,    20.30 ,    66.00 ,    67.00 
01/27/2019 00:10:00,    20.30 ,    66.53 ,    67.00 
01/27/2019 00:20:00,    20.35 ,    66.00 ,    67.00 
01/27/2019 00:30:00,    20.30 ,    66.75 ,    67.00 
01/27/2019 00:40:00,    20.31 ,    67.00 ,    67.00 
01/27/2019 00:50:00,    20.34 ,    67.00 ,    67.00 
01/27/2019 01:00:00,    20.30 ,    67.00 ,    67.00 
01/27/2019 01:10:00,    20.30 ,    67.00 ,    67.00 
01/27/2019 01:20:00,    20.30 ,    67.00 ,    67.00 
01/27/2019 01:30:00,    20.30 ,    67.88 ,    67.00 
01/27/2019 01:40:00,    20.30 ,    68.00 ,    67.00 
01/27/2019 01:50:00,    20.30 ,    68.00 ,    67.00 
01/27/2019 02:00:00,    20.30 ,    68.00 ,    67.00 
01/27/2019 02:10:00,    20.30 ,    68.00 ,    67.00 
01/27/2019 02:20:00,    20.30 ,    68.00 ,    67.00 
01/27/2019 02:30:00,    20.30 ,    68.47 ,    67.00 
01/27/2019 02:40:00,    20.30 ,    68.47 ,    67.00 
01/27/2019 02:50:00,    20.35 ,    69.00 ,    67.00 
01/27/2019 03:00:00,    20.30 ,    69.00 ,    67.00 
01/27/2019 03:10:00,    20.32 ,    69.00 ,    67.00 
01/27/2019 03:20:00,    20.33 ,    69.14 ,    67.00 
01/27/2019 03:30:00,    20.35 ,    70.00 ,    67.00 
01/27/2019 03:40:00,    20.30 ,    69.46 ,    67.00 
01/27/2019 03:50:00,    20.30 ,    69.47 ,    67.00 
01/27/2019 04:00:00,    20.30 ,    70.00 ,    67.00 
01/27/2019 04:10:00,    20.30 ,    70.00 ,    67.00 
01/27/2019 04:20:00,    20.30 ,    70.00 ,    67.00 
01/27/2019 04:30:00,    20.30 ,    70.00 ,    67.00 
01/27/2019 04:40:00,    20.30 ,    70.00 ,    67.00 
01/27/2019 04:50:00,    20.30 ,    70.00 ,    67.00 
01/27/2019 05:00:00,    20.30 ,    70.00 ,    67.00 
01/27/2019 05:10:00,    20.30 ,    70.00 ,    67.00 
01/27/2019 05:20:00,    20.30 ,    70.00 ,    67.00 
01/27/2019 05:30:00,    20.30 ,    70.00 ,    67.00 
01/27/2019 05:40:00,    20.27 ,    70.00 ,    67.00 
01/27/2019 05:50:00,    20.20 ,    70.00 ,    67.00 
01/27/2019 06:00:00,    20.20 ,    70.00 ,    67.00 
01/27/2019 06:10:00,    20.20 ,    70.00 ,    67.00 
01/27/2019 06:20:00,    20.15 ,    70.00 ,    67.00 
01/27/2019 06:30:00,    20.10 ,    70.00 ,    67.00 
01/27/2019 06:40:00,    20.10 ,    70.00 ,    67.00 
01/27/2019 06:50:00,    20.07 ,    70.21 ,    67.00 
01/27/2019 07:00:00,    20.00 ,    69.00 ,    67.00 
01/27/2019 07:10:00,    20.00 ,    69.19 ,    67.00 
01/27/2019 07:20:00,    19.99 ,    70.00 ,    67.00 
01/27/2019 07:30:00,    19.96 ,    70.00 ,    67.00 
01/27/2019 07:40:00,    20.00 ,    70.00 ,    67.00 
01/27/2019 07:50:00,    19.90 ,    69.09 ,    67.00 
01/27/2019 08:00:00,    19.86 ,    66.69 ,    67.00 
01/27/2019 08:10:00,    19.77 ,    64.82 ,    67.00 
01/27/2019 08:20:00,    19.70 ,    62.95 ,    67.00 
01/27/2019 08:30:00,    19.45 ,    61.66 ,    67.00 
01/27/2019 08:40:00,    19.50 ,    62.34 ,    67.00 
01/27/2019 08:50:00,    19.50 ,    62.00 ,    67.00 
01/27/2019 09:00:00,    19.50 ,    62.00 ,    67.00 
01/27/2019 09:10:00,    19.36 ,    62.00 ,    67.00 
01/27/2019 09:20:00,    19.30 ,    62.92 ,    67.00 
01/27/2019 09:30:00,    19.30 ,    63.00 ,    67.00 
01/27/2019 09:40:00,    19.30 ,    63.26 ,    67.00 
01/27/2019 09:50:00,    19.23 ,    64.00 ,    67.00 
01/27/2019 10:00:00,    19.20 ,    64.00 ,    67.00 
01/27/2019 10:10:00,    19.20 ,    64.00 ,    67.00 
01/27/2019 10:20:00,    19.15 ,    64.00 ,    67.00 
01/27/2019 10:30:00,    19.10 ,    64.00 ,    67.00 
01/27/2019 10:40:00,    19.10 ,    64.00 ,    67.00 
01/27/2019 10:50:00,    19.07 ,    63.15 ,    67.00 
01/27/2019 11:00:00,    19.00 ,    63.00 ,    67.00 
01/27/2019 11:10:00,    19.00 ,    63.00 ,    67.00 
01/27/2019 11:20:00,    19.00 ,    63.00 ,    67.00 
01/27/2019 11:30:00,    19.00 ,    63.05 ,    67.00 
01/27/2019 11:40:00,    19.00 ,    64.00 ,    67.00 
01/27/2019 11:50:00,    19.05 ,    63.62 ,    67.00 
01/27/2019 12:00:00,    18.91 ,    62.92 ,    67.00 
01/27/2019 12:10:00,    18.90 ,    63.00 ,    67.00 
01/27/2019 12:20:00,    18.90 ,    63.00 ,    67.00 
01/27/2019 12:30:00,    18.90 ,    63.00 ,    67.00 
01/27/2019 12:40:00,    18.89 ,    63.00 ,    67.00 
01/27/2019 12:50:00,    18.80 ,    63.00 ,    67.00 
01/27/2019 13:00:00,    18.80 ,    63.00 ,    67.00 
01/27/2019 13:10:00,    18.80 ,    63.00 ,    67.00 
01/27/2019 13:20:00,    18.80 ,    63.00 ,    67.00 
01/27/2019 13:30:00,    18.71 ,    63.00 ,    67.00 
01/27/2019 13:40:00,    18.70 ,    63.00 ,    67.00 
01/27/2019 13:50:00,    18.70 ,    63.19 ,    67.00 
01/27/2019 14:00:00,    18.70 ,    64.00 ,    67.00 
01/27/2019 14:10:00,    18.70 ,    64.59 ,    67.00 
01/27/2019 14:20:00,    18.70 ,    65.00 ,    67.00 
01/27/2019 14:30:00,    18.75 ,    64.54 ,    67.00 
01/27/2019 14:40:00,    18.70 ,    64.00 ,    67.00 
01/27/2019 14:50:00,    18.70 ,    64.32 ,    67.00 
01/27/2019 15:00:00,    18.70 ,    65.00 ,    67.00 
01/27/2019 15:10:00,    18.70 ,    65.00 ,    67.00 
01/27/2019 15:20:00,    18.71 ,    65.66 ,    67.00 
01/27/2019 15:30:00,    18.79 ,    66.00 ,    67.00 
01/27/2019 15:40:00,    18.75 ,    66.00 ,    67.00 
01/27/2019 15:50:00,    18.80 ,    66.00 ,    67.00 
01/27/2019 16:00:00,    18.84 ,    64.69 ,    67.00 
01/27/2019 16:10:00,    18.87 ,    64.00 ,    67.00 
01/27/2019 16:20:00,    18.88 ,    64.00 ,    67.00 
01/27/2019 16:30:00,    18.92 ,    64.00 ,    67.00 
01/27/2019 16:40:00,    18.93 ,    64.00 ,    67.00 
01/27/2019 16:50:00,    18.90 ,    64.00 ,    67.00 
01/27/2019 17:00:00,    18.90 ,    64.00 ,    67.00 
01/27/2019 17:10:00,    18.80 ,    64.00 ,    67.00 
01/27/2019 17:20:00,    18.89 ,    64.00 ,    67.00 
01/27/2019 17:30:00,    18.90 ,    61.64 ,    67.00 
01/27/2019 17:40:00,    19.00 ,    59.21 ,    67.00 
01/27/2019 17:50:00,    18.99 ,    60.10 ,    67.00 
01/27/2019 18:00:00,    18.73 ,    62.00 ,    67.00 
01/27/2019 18:10:00,    18.71 ,    61.89 ,    67.00 
01/27/2019 18:20:00,    18.75 ,    59.48 ,    67.00 
01/27/2019 18:30:00,    18.80 ,    58.54 ,    67.00 
01/27/2019 18:40:00,    19.08 ,    58.00 ,    67.00 
01/27/2019 18:50:00,    19.30 ,    58.00 ,    67.00 
01/27/2019 19:00:00,    19.11 ,    58.79 ,    67.00 
01/27/2019 19:10:00,    18.90 ,    59.72 ,    67.00 
01/27/2019 19:20:00,    18.99 ,    59.34 ,    67.00 
01/27/2019 19:30:00,    20.14 ,    57.82 ,    67.00 
01/27/2019 19:40:00,    20.65 ,    57.00 ,    67.00 
01/27/2019 19:50:00,    20.65 ,    57.00 ,    67.00 
01/27/2019 20:00:00,    20.70 ,    57.00 ,    67.00 
01/27/2019 20:10:00,    20.72 ,    57.00 ,    67.00 
01/27/2019 20:20:00,    20.36 ,    57.78 ,    67.00 
01/27/2019 20:30:00,    20.35 ,    58.72 ,    67.00 
01/27/2019 20:40:00,    20.30 ,    59.12 ,    67.00 
01/27/2019 20:50:00,    20.35 ,    60.05 ,    67.00 
01/27/2019 21:00:00,    20.30 ,    61.00 ,    67.00 
01/27/2019 21:10:00,    20.30 ,    61.45 ,    67.00 
01/27/2019 21:20:00,    20.30 ,    62.00 ,    67.00 
01/27/2019 21:30:00,    20.30 ,    62.31 ,    67.00 
01/27/2019 21:40:00,    20.28 ,    63.00 ,    67.00 
01/27/2019 21:50:00,    20.27 ,    63.18 ,    67.00 
01/27/2019 22:00:00,    20.24 ,    64.00 ,    67.00 
01/27/2019 22:10:00,    20.20 ,    64.04 ,    67.00 
01/27/2019 22:20:00,    20.20 ,    64.49 ,    67.00 
01/27/2019 22:30:00,    20.00 ,    62.58 ,    67.00 
01/27/2019 22:40:00,    19.91 ,    62.00 ,    67.00 
01/27/2019 22:50:00,    19.98 ,    62.84 ,    67.00 
01/27/2019 23:00:00,    20.02 ,    63.00 ,    67.00 
01/27/2019 23:10:00,    20.10 ,    63.71 ,    67.00 
01/27/2019 23:20:00,    20.10 ,    64.00 ,    67.00 
01/27/2019 23:30:00,    20.10 ,    64.57 ,    67.00 
01/27/2019 23:40:00,    20.10 ,    65.00 ,    67.00 
01/27/2019 23:50:00,    20.06 ,    65.00 ,    67.00 
01/28/2019 00:00:00,    20.09 ,    65.00 ,    67.00 
01/28/2019 00:10:00,    20.07 ,    65.84 ,    67.00 
01/28/2019 00:20:00,    20.08 ,    66.00 ,    67.00 
01/28/2019 00:30:00,    20.08 ,    66.00 ,    67.00 
01/28/2019 00:40:00,    20.00 ,    66.00 ,    67.00 
01/28/2019 00:50:00,    20.00 ,    66.00 ,    67.00 
01/28/2019 01:00:00,    20.00 ,    66.50 ,    67.00 
01/28/2019 01:10:00,    20.00 ,    67.00 ,    67.00 
01/28/2019 01:20:00,    20.00 ,    67.00 ,    67.00 
01/28/2019 01:30:00,    19.97 ,    67.00 ,    67.00 
01/28/2019 01:40:00,    19.98 ,    67.00 ,    67.00 
01/28/2019 01:50:00,    19.98 ,    67.00 ,    67.00 
01/28/2019 02:00:00,    19.90 ,    67.10 ,    67.00 
01/28/2019 02:10:00,    19.90 ,    68.00 ,    67.00 
01/28/2019 02:20:00,    19.90 ,    68.00 ,    67.00 
01/28/2019 02:30:00,    19.90 ,    68.00 ,    67.00 
01/28/2019 02:40:00,    19.81 ,    68.00 ,    67.00 
01/28/2019 02:50:00,    19.80 ,    68.00 ,    67.00 
01/28/2019 03:00:00,    19.80 ,    68.00 ,    67.00 
01/28/2019 03:10:00,    19.80 ,    68.00 ,    67.00 
01/28/2019 03:20:00,    19.80 ,    68.00 ,    67.00 
01/28/2019 03:30:00,    19.80 ,    68.03 ,    67.00 
01/28/2019 03:40:00,    19.80 ,    69.00 ,    67.00 
01/28/2019 03:50:00,    19.70 ,    68.47 ,    67.00 
01/28/2019 04:00:00,    19.70 ,    69.00 ,    67.00 
01/28/2019 04:10:00,    19.70 ,    69.00 ,    67.00 
01/28/2019 04:20:00,    19.70 ,    69.00 ,    67.00 
01/28/2019 04:30:00,    19.70 ,    69.00 ,    67.00 
01/28/2019 04:40:00,    19.70 ,    69.00 ,    67.00 
01/28/2019 04:50:00,    19.64 ,    69.00 ,    67.00 
01/28/2019 05:00:00,    19.60 ,    69.00 ,    67.00 
01/28/2019 05:10:00,    19.60 ,    69.00 ,    67.00 
01/28/2019 05:20:00,    19.56 ,    69.00 ,    67.00 
01/28/2019 05:30:00,    19.55 ,    69.00 ,    67.00 
01/28/2019 05:40:00,    19.50 ,    69.00 ,    67.00 
01/28/2019 05:50:00,    19.50 ,    69.16 ,    67.00 
01/28/2019 06:00:00,    19.50 ,    70.00 ,    67.00 
01/28/2019 06:10:00,    19.50 ,    69.98 ,    67.00 
01/28/2019 06:20:00,    19.40 ,    69.00 ,    67.00 
01/28/2019 06:30:00,    19.40 ,    69.42 ,    67.00 
01/28/2019 06:40:00,    19.40 ,    69.47 ,    67.00 
01/28/2019 06:50:00,    19.37 ,    70.00 ,    67.00 
01/28/2019 07:00:00,    19.30 ,    70.00 ,    67.00 
01/28/2019 07:10:00,    19.08 ,    62.43 ,    67.00 
01/28/2019 07:20:00,    18.88 ,    58.82 ,    67.00 
01/28/2019 07:30:00,    18.64 ,    57.02 ,    67.00 
01/28/2019 07:40:00,    18.65 ,    59.47 ,    67.00 
01/28/2019 07:50:00,    18.75 ,    60.26 ,    67.00 
01/28/2019 08:00:00,    18.61 ,    58.89 ,    67.00 
01/28/2019 08:10:00,    18.57 ,    58.18 ,    67.00 
01/28/2019 08:20:00,    18.48 ,    58.76 ,    67.00 
01/28/2019 08:30:00,    18.40 ,    59.00 ,    67.00 
01/28/2019 08:40:00,    18.34 ,    59.00 ,    67.00 
01/28/2019 08:50:00,    18.30 ,    59.00 ,    67.00 
01/28/2019 09:00:00,    18.20 ,    59.00 ,    67.00 
01/28/2019 09:10:00,    18.16 ,    59.53 ,    67.00 
01/28/2019 09:20:00,    18.06 ,    59.00 ,    67.00 
01/28/2019 09:30:00,    18.00 ,    59.00 ,    67.00 
01/28/2019 09:40:00,    17.92 ,    59.00 ,    51.81 
01/28/2019 09:50:00,    17.90 ,    59.16 ,    46.45 
01/28/2019 10:00:00,    17.84 ,    59.37 ,    60.63 
01/28/2019 10:10:00,    17.80 ,    59.03 ,    37.63 
01/28/2019 10:20:00,    17.75 ,    59.51 ,    33.84 
01/28/2019 10:30:00,    17.70 ,    59.00 ,    64.43 
01/28/2019 10:40:00,    17.61 ,    59.00 ,    67.00 
01/28/2019 10:50:00,    17.60 ,    59.00 ,    47.12 
01/28/2019 11:00:00,    17.60 ,    59.00 ,    51.14 
01/28/2019 11:10:00,    17.58 ,    59.00 ,    31.27 
01/28/2019 11:20:00,    17.50 ,    59.00 ,    24.68 
01/28/2019 11:30:00,    17.50 ,    59.00 ,    35.62 
01/28/2019 11:40:00,    17.50 ,    59.00 ,    33.50 
01/28/2019 11:50:00,    17.50 ,    59.00 ,     2.23 
01/28/2019 12:00:00,    17.50 ,    59.00 ,    60.30 
01/28/2019 12:10:00,    17.45 ,    59.00 ,    46.79 
01/28/2019 12:20:00,    17.48 ,    59.00 ,     0.00 
01/28/2019 12:30:00,    17.40 ,    59.00 ,    47.12 
01/28/2019 12:40:00,    17.40 ,    59.00 ,    67.00 
01/28/2019 12:50:00,    17.40 ,    59.00 ,    67.00 
01/28/2019 13:00:00,    17.40 ,    59.00 ,    67.00 
01/28/2019 13:10:00,    17.35 ,    59.00 ,    67.00 
01/28/2019 13:20:00,    17.31 ,    59.00 ,    67.00 
01/28/2019 13:30:00,    17.30 ,    58.69 ,    67.00 
01/28/2019 13:40:00,    17.30 ,    58.00 ,    50.92 
01/28/2019 13:50:00,    17.28 ,    58.00 ,     0.00 
01/28/2019 14:00:00,    17.20 ,    58.00 ,    42.99 
01/28/2019 14:10:00,    17.20 ,    58.00 ,    64.10 
01/28/2019 14:20:00,    17.20 ,    58.00 ,     0.00 
01/28/2019 14:30:00,    17.20 ,    58.00 ,    35.73 
01/28/2019 14:40:00,    17.20 ,    58.00 ,    25.35 
01/28/2019 14:50:00,    17.15 ,    58.00 ,    67.00 
01/28/2019 15:00:00,    17.12 ,    58.00 ,    67.00 
01/28/2019 15:10:00,    17.10 ,    58.00 ,    67.00 
01/28/2019 15:20:00,    17.10 ,    58.00 ,    59.30 
01/28/2019 15:30:00,    17.10 ,    58.00 ,    38.97 
01/28/2019 15:40:00,    17.10 ,    58.00 ,    67.00 
01/28/2019 15:50:00,    17.05 ,    58.00 ,    36.85 
01/28/2019 16:00:00,    17.00 ,    58.00 ,    35.73 
01/28/2019 16:10:00,    17.00 ,    58.00 ,    21.33 
01/28/2019 16:20:00,    17.00 ,    58.00 ,    50.14 
01/28/2019 16:30:00,    16.98 ,    57.81 ,    48.13 
01/28/2019 16:40:00,    16.90 ,    57.65 ,    67.00 
01/28/2019 16:50:00,    16.90 ,    58.00 ,    31.38 
01/28/2019 17:00:00,    16.90 ,    58.00 ,    67.00 
01/28/2019 17:10:00,    16.90 ,    58.00 ,    36.52 
01/28/2019 17:20:00,    16.81 ,    58.00 ,    61.86 
01/28/2019 17:30:00,    16.80 ,    58.00 ,    67.00 
01/28/2019 17:40:00,    16.80 ,    57.47 ,    49.69 
01/28/2019 17:50:00,    16.80 ,    58.00 ,     0.00 
01/28/2019 18:00:00,    16.79 ,    57.87 ,    44.22 
01/28/2019 18:10:00,    16.70 ,    57.06 ,    27.25 
01/28/2019 18:20:00,    16.70 ,    58.00 ,     0.00 
01/28/2019 18:30:00,    16.70 ,    58.00 ,    66.67 
01/28/2019 18:40:00,    16.70 ,    58.00 ,    31.27 
01/28/2019 18:50:00,    16.61 ,    58.00 ,    67.00 
01/28/2019 19:00:00,    16.60 ,    58.00 ,    49.24 
01/28/2019 19:10:00,    16.62 ,    58.00 ,    35.73 
01/28/2019 19:20:00,    16.70 ,    57.87 ,     8.93 
01/28/2019 19:30:00,    16.70 ,    57.00 ,    62.42 
01/28/2019 19:40:00,    16.75 ,    57.53 ,     0.11 
01/28/2019 19:50:00,    16.80 ,    57.53 ,    35.62 
01/28/2019 20:00:00,    16.84 ,    57.00 ,    27.02 
01/28/2019 20:10:00,    17.12 ,    57.00 ,    31.27 
01/28/2019 20:20:00,    17.70 ,    56.47 ,    67.00 
01/28/2019 20:30:00,    17.92 ,    57.00 ,    67.00 
01/28/2019 20:40:00,    17.99 ,    57.14 ,    67.00 
01/28/2019 20:50:00,    17.90 ,    58.00 ,    67.00 
01/28/2019 21:00:00,    17.90 ,    58.00 ,    67.00 
01/28/2019 21:10:00,    17.90 ,    58.00 ,    67.00 
01/28/2019 21:20:00,    17.90 ,    58.41 ,    67.00 
01/28/2019 21:30:00,    17.90 ,    59.00 ,    67.00 
01/28/2019 21:40:00,    17.87 ,    59.00 ,    67.00 
01/28/2019 21:50:00,    17.85 ,    59.74 ,    31.27 
01/28/2019 22:00:00,    17.80 ,    60.00 ,    67.00 
01/28/2019 22:10:00,    17.80 ,    60.00 ,    67.00 
01/28/2019 22:20:00,    17.80 ,    60.00 ,    67.00 
01/28/2019 22:30:00,    17.70 ,    60.00 ,    67.00 
01/28/2019 22:40:00,    17.70 ,    60.94 ,    67.00 
01/28/2019 22:50:00,    17.61 ,    61.00 ,    67.00 
01/28/2019 23:00:00,    17.60 ,    61.00 ,    67.00 
01/28/2019 23:10:00,    17.60 ,    61.00 ,    67.00 
01/28/2019 23:20:00,    17.60 ,    61.14 ,    67.00 
01/28/2019 23:30:00,    17.54 ,    62.00 ,    67.00 
01/28/2019 23:40:00,    17.50 ,    62.00 ,    67.00 
01/28/2019 23:50:00,    17.50 ,    62.00 ,    67.00 
01/29/2019 00:00:00,    17.50 ,    62.00 ,    67.00 
01/29/2019 00:10:00,    17.50 ,    62.00 ,    67.00 
01/29/2019 00:20:00,    17.47 ,    62.81 ,    67.00 
01/29/2019 00:30:00,    17.40 ,    63.00 ,    67.00 
01/29/2019 00:40:00,    17.40 ,    63.00 ,    67.00 
01/29/2019 00:50:00,    17.40 ,    63.00 ,    31.27 
01/29/2019 01:00:00,    17.40 ,    63.00 ,    67.00 
01/29/2019 01:10:00,    17.40 ,    63.00 ,    67.00 
01/29/2019 01:20:00,    17.40 ,    63.00 ,    67.00 
01/29/2019 01:30:00,    17.40 ,    63.00 ,    67.00 
01/29/2019 01:40:00,    17.32 ,    63.28 ,    67.00 
01/29/2019 01:50:00,    17.30 ,    64.00 ,    67.00 
01/29/2019 02:00:00,    17.30 ,    64.00 ,    67.00 
01/29/2019 02:10:00,    17.30 ,    64.00 ,    67.00 
01/29/2019 02:20:00,    17.30 ,    64.00 ,    31.27 
01/29/2019 02:30:00,    17.30 ,    64.00 ,    34.39 
01/29/2019 02:40:00,    17.30 ,    64.00 ,    63.87 
01/29/2019 02:50:00,    17.30 ,    64.36 ,    67.00 
01/29/2019 03:00:00,    17.30 ,    65.00 ,    67.00 
01/29/2019 03:10:00,    17.28 ,    64.24 ,    67.00 
01/29/2019 03:20:00,    17.20 ,    64.00 ,    67.00 
01/29/2019 03:30:00,    17.20 ,    64.09 ,    67.00 
01/29/2019 03:40:00,    17.20 ,    65.00 ,    65.33 
01/29/2019 03:50:00,    17.20 ,    65.00 ,    32.94 
01/29/2019 04:00:00,    17.20 ,    65.00 ,    67.00 
01/29/2019 04:10:00,    17.20 ,    65.00 ,    67.00 
01/29/2019 04:20:00,    17.20 ,    65.00 ,    67.00 
01/29/2019 04:30:00,    17.18 ,    65.00 ,    67.00 
01/29/2019 04:40:00,    17.10 ,    65.00 ,    67.00 
01/29/2019 04:50:00,    17.10 ,    65.00 ,    67.00 
01/29/2019 05:00:00,    17.10 ,    64.44 ,    67.00 
01/29/2019 05:10:00,    17.10 ,    64.00 ,    67.00 
01/29/2019 05:20:00,    17.10 ,    64.00 ,    67.00 
01/29/2019 05:30:00,    17.10 ,    64.00 ,    67.00 
01/29/2019 05:40:00,    17.10 ,    64.00 ,    67.00 
01/29/2019 05:50:00,    17.10 ,    64.00 ,    51.37 
01/29/2019 06:00:00,    17.10 ,    64.00 ,    46.90 
01/29/2019 06:10:00,    17.04 ,    64.00 ,    67.00 
01/29/2019 06:20:00,    17.00 ,    64.00 ,    31.27 
01/29/2019 06:30:00,    16.90 ,    64.00 ,    67.00 
01/29/2019 06:40:00,    16.80 ,    64.00 ,    31.27 
01/29/2019 06:50:00,    16.76 ,    64.00 ,    67.00 
01/29/2019 07:00:00,    16.70 ,    64.00 ,    67.00 
01/29/2019 07:10:00,    16.70 ,    63.47 ,    31.27 
01/29/2019 07:20:00,    16.61 ,    62.41 ,    55.39 
01/29/2019 07:30:00,    16.37 ,    59.72 ,    42.88 
01/29/2019 07:40:00,    16.24 ,    58.96 ,    67.00 
01/29/2019 07:50:00,    16.10 ,    59.02 ,    32.83 
01/29/2019 08:00:00,    16.20 ,    60.00 ,     0.00 
01/29/2019 08:10:00,    16.20 ,    60.00 ,    61.08 
01/29/2019 08:20:00,    16.12 ,    60.31 ,    67.00 
01/29/2019 08:30:00,    16.08 ,    60.75 ,    31.27 
01/29/2019 08:40:00,    16.02 ,    60.18 ,    67.00 
01/29/2019 08:50:00,    16.04 ,    60.35 ,    31.38 
01/29/2019 09:00:00,    16.00 ,    60.00 ,    67.00 
01/29/2019 09:10:00,    15.95 ,    60.00 ,    67.00 
01/29/2019 09:20:00,    15.90 ,    60.00 ,     1.00 
01/29/2019 09:30:00,    15.90 ,    60.00 ,    61.64 
01/29/2019 09:40:00,    15.81 ,    60.00 ,    67.00 
01/29/2019 09:50:00,    15.80 ,    60.00 ,    14.07 
01/29/2019 10:00:00,    15.78 ,    60.00 ,    48.46 
01/29/2019 10:10:00,    15.70 ,    60.00 ,    22.89 
01/29/2019 10:20:00,    15.70 ,    60.00 ,     0.00 
01/29/2019 10:30:00,    15.65 ,    60.00 ,    35.40 
01/29/2019 10:40:00,    15.60 ,    60.00 ,    35.96 
01/29/2019 10:50:00,    15.60 ,    60.00 ,    35.73 
01/29/2019 11:00:00,    15.57 ,    60.00 ,    22.22 
01/29/2019 11:10:00,    15.50 ,    59.73 ,    49.13 
01/29/2019 11:20:00,    15.50 ,    59.73 ,     0.00 
01/29/2019 11:30:00,    15.50 ,    59.86 ,     0.00 
01/29/2019 11:40:00,    15.49 ,    59.00 ,     0.00 
01/29/2019 11:50:00,    15.41 ,    58.98 ,    36.07 
01/29/2019 12:00:00,    17.37 ,    54.53 ,    67.00 
01/29/2019 12:10:00,    18.30 ,    52.65 ,    67.00 
01/29/2019 12:20:00,    18.74 ,    52.00 ,    67.00 
01/29/2019 12:30:00,    19.03 ,    51.20 ,    67.00 
01/29/2019 12:40:00,    19.29 ,    51.74 ,    67.00 
01/29/2019 12:50:00,    19.48 ,    52.67 ,    67.00 
01/29/2019 13:00:00,    19.66 ,    52.93 ,    67.00 
01/29/2019 13:10:00,    19.75 ,    52.00 ,    67.00 
01/29/2019 13:20:00,    19.85 ,    52.00 ,    67.00 
01/29/2019 13:30:00,    19.90 ,    51.06 ,    67.00 
01/29/2019 13:40:00,    19.90 ,    50.66 ,    67.00 
01/29/2019 13:50:00,    19.87 ,    50.27 ,    67.00 
01/29/2019 14:00:00,    19.45 ,    52.67 ,    67.00 
01/29/2019 14:10:00,    19.02 ,    54.13 ,    67.00 
01/29/2019 14:20:00,    18.89 ,    55.00 ,    67.00 
01/29/2019 14:30:00,    18.80 ,    55.00 ,    67.00 
01/29/2019 14:40:00,    18.75 ,    55.00 ,    67.00 
01/29/2019 14:50:00,    18.70 ,    55.00 ,    67.00 
01/29/2019 15:00:00,    18.61 ,    55.34 ,    67.00 
01/29/2019 15:10:00,    18.60 ,    56.00 ,    67.00 
01/29/2019 15:20:00,    18.58 ,    56.00 ,    67.00 
01/29/2019 15:30:00,    18.50 ,    56.00 ,    67.00 
01/29/2019 15:40:00,    18.50 ,    56.60 ,    67.00 
01/29/2019 15:50:00,    18.45 ,    57.00 ,    66.89 
01/29/2019 16:00:00,    18.40 ,    57.00 ,    31.38 
01/29/2019 16:10:00,    18.40 ,    57.40 ,    67.00 
01/29/2019 16:20:00,    18.40 ,    56.99 ,    67.00 
01/29/2019 16:30:00,    18.93 ,    52.33 ,    67.00 
01/29/2019 16:40:00,    19.27 ,    51.00 ,    67.00 
01/29/2019 16:50:00,    19.33 ,    50.60 ,    67.00 
01/29/2019 17:00:00,    18.97 ,    52.60 ,    67.00 
01/29/2019 17:10:00,    18.65 ,    53.00 ,    67.00 
01/29/2019 17:20:00,    18.55 ,    54.00 ,    67.00 
01/29/2019 17:30:00,    18.50 ,    54.00 ,    67.00 
01/29/2019 17:40:00,    18.41 ,    54.00 ,    67.00 
01/29/2019 17:50:00,    18.40 ,    54.80 ,    67.00 
01/29/2019 18:00:00,    18.33 ,    55.00 ,    67.00 
01/29/2019 18:10:00,    18.30 ,    55.00 ,    67.00 
01/29/2019 18:20:00,    18.29 ,    55.00 ,    67.00 
01/29/2019 18:30:00,    18.20 ,    55.00 ,    67.00 
01/29/2019 18:40:00,    18.20 ,    55.00 ,    67.00 
01/29/2019 18:50:00,    18.20 ,    55.00 ,    39.98 
01/29/2019 19:00:00,    18.15 ,    55.00 ,    58.29 
01/29/2019 19:10:00,    18.33 ,    55.00 ,    67.00 
01/29/2019 19:20:00,    18.76 ,    54.26 ,    67.00 
01/29/2019 19:30:00,    19.07 ,    54.00 ,    67.00 
01/29/2019 19:40:00,    19.15 ,    54.00 ,    67.00 
01/29/2019 19:50:00,    19.10 ,    54.00 ,    67.00 
01/29/2019 20:00:00,    18.95 ,    53.53 ,    67.00 
01/29/2019 20:10:00,    19.26 ,    53.00 ,    67.00 
01/29/2019 20:20:00,    19.57 ,    53.87 ,    67.00 
01/29/2019 20:30:00,    19.49 ,    54.80 ,    67.00 
01/29/2019 20:40:00,    19.38 ,    55.73 ,    67.00 
01/29/2019 20:50:00,    19.30 ,    56.00 ,    67.00 
01/29/2019 21:00:00,    19.29 ,    56.00 ,    67.00 
01/29/2019 21:10:00,    19.20 ,    56.00 ,    67.00 
01/29/2019 21:20:00,    19.10 ,    56.00 ,    67.00 
01/29/2019 21:30:00,    19.06 ,    56.00 ,    67.00 
01/29/2019 21:40:00,    19.00 ,    56.00 ,    67.00 
01/29/2019 21:50:00,    18.97 ,    56.80 ,    67.00 
01/29/2019 22:00:00,    18.90 ,    57.00 ,    67.00 
01/29/2019 22:10:00,    18.90 ,    57.00 ,    67.00 
01/29/2019 22:20:00,    18.90 ,    57.00 ,    67.00 
01/29/2019 22:30:00,    18.90 ,    57.53 ,    67.00 
01/29/2019 22:40:00,    18.80 ,    58.00 ,    67.00 
01/29/2019 22:50:00,    18.80 ,    58.00 ,    67.00 
01/29/2019 23:00:00,    18.71 ,    58.00 ,    67.00 
01/29/2019 23:10:00,    18.70 ,    58.00 ,    67.00 
01/29/2019 23:20:00,    18.70 ,    58.00 ,    67.00 
01/29/2019 23:30:00,    18.70 ,    58.66 ,    67.00 
01/29/2019 23:40:00,    18.70 ,    59.00 ,    67.00 
01/29/2019 23:50:00,    18.65 ,    59.00 ,    67.00 
01/30/2019 00:00:00,    18.60 ,    59.00 ,    67.00 
01/30/2019 00:10:00,    18.60 ,    59.00 ,    67.00 
01/30/2019 00:20:00,    18.60 ,    59.00 ,    67.00 
01/30/2019 00:30:00,    18.60 ,    59.80 ,    67.00 
01/30/2019 00:40:00,    18.60 ,    60.00 ,    67.00 
01/30/2019 00:50:00,    18.60 ,    60.00 ,    67.00 
01/30/2019 01:00:00,    18.60 ,    60.00 ,    67.00 
01/30/2019 01:10:00,    18.60 ,    60.00 ,    67.00 
01/30/2019 01:20:00,    18.60 ,    60.00 ,    67.00 
01/30/2019 01:30:00,    18.60 ,    60.40 ,    67.00 
01/30/2019 01:40:00,    18.60 ,    61.00 ,    67.00 
01/30/2019 01:50:00,    18.60 ,    61.00 ,    67.00 
01/30/2019 02:00:00,    18.60 ,    61.00 ,    67.00 
01/30/2019 02:10:00,    18.67 ,    61.00 ,    67.00 
01/30/2019 02:20:00,    18.70 ,    61.00 ,    67.00 
01/30/2019 02:30:00,    18.70 ,    61.00 ,    67.00 
01/30/2019 02:40:00,    18.70 ,    61.00 ,    67.00 
01/30/2019 02:50:00,    18.70 ,    61.40 ,    67.00 
01/30/2019 03:00:00,    18.70 ,    62.00 ,    67.00 
01/30/2019 03:10:00,    18.70 ,    62.00 ,    67.00 
01/30/2019 03:20:00,    18.70 ,    62.00 ,    67.00 
01/30/2019 03:30:00,    18.70 ,    62.00 ,    67.00 
01/30/2019 03:40:00,    18.70 ,    62.00 ,    67.00 
01/30/2019 03:50:00,    18.70 ,    62.00 ,    67.00 
01/30/2019 04:00:00,    18.70 ,    62.00 ,    67.00 
01/30/2019 04:10:00,    18.70 ,    62.00 ,    67.00 
01/30/2019 04:20:00,    18.70 ,    62.00 ,    67.00 
01/30/2019 04:30:00,    18.70 ,    62.27 ,    67.00 
01/30/2019 04:40:00,    18.75 ,    63.00 ,    67.00 
01/30/2019 04:50:00,    18.77 ,    63.00 ,    67.00 
01/30/2019 05:00:00,    18.79 ,    63.00 ,    67.00 
01/30/2019 05:10:00,    18.75 ,    63.00 ,    67.00 
01/30/2019 05:20:00,    18.75 ,    63.00 ,    67.00 
01/30/2019 05:30:00,    18.71 ,    63.00 ,    67.00 
01/30/2019 05:40:00,    18.70 ,    63.00 ,    67.00 
01/30/2019 05:50:00,    18.70 ,    63.00 ,    67.00 
01/30/2019 06:00:00,    18.70 ,    63.00 ,    67.00 
01/30/2019 06:10:00,    18.70 ,    63.00 ,    67.00 
01/30/2019 06:20:00,    18.70 ,    63.00 ,    67.00 
01/30/2019 06:30:00,    18.70 ,    63.53 ,    67.00 
01/30/2019 06:40:00,    18.65 ,    64.00 ,    67.00 
01/30/2019 06:50:00,    18.64 ,    64.00 ,    67.00 
01/30/2019 07:00:00,    18.67 ,    64.00 ,    67.00 
01/30/2019 07:10:00,    18.41 ,    63.20 ,    67.00 
01/30/2019 07:20:00,    18.28 ,    63.00 ,    67.00 
01/30/2019 07:30:00,    18.20 ,    62.34 ,    67.00 
01/30/2019 07:40:00,    18.19 ,    62.00 ,    67.00 
01/30/2019 07:50:00,    18.10 ,    62.00 ,    31.38 
01/30/2019 08:00:00,    18.00 ,    62.00 ,    66.89 
01/30/2019 08:10:00,    18.00 ,    61.60 ,    67.00 
01/30/2019 08:20:00,    17.91 ,    61.00 ,    67.00 
01/30/2019 08:30:00,    17.87 ,    61.00 ,    31.27 
01/30/2019 08:40:00,    17.80 ,    60.60 ,    67.00 
01/30/2019 08:50:00,    17.87 ,    57.93 ,    67.00 
01/30/2019 09:00:00,    17.83 ,    58.33 ,    67.00 
01/30/2019 09:10:00,    17.60 ,    57.00 ,    66.89 
01/30/2019 09:20:00,    17.55 ,    57.00 ,    31.49 
01/30/2019 09:30:00,    17.69 ,    57.40 ,    67.00 
01/30/2019 09:40:00,    17.70 ,    58.00 ,    67.00 
01/30/2019 09:50:00,    17.70 ,    58.00 ,    67.00 
01/30/2019 10:00:00,    17.70 ,    58.00 ,    67.00 
01/30/2019 10:10:00,    17.70 ,    58.00 ,    67.00 
01/30/2019 10:20:00,    17.70 ,    58.00 ,    67.00 
01/30/2019 10:30:00,    17.70 ,    57.98 ,    67.00 
01/30/2019 10:40:00,    17.94 ,    54.53 ,    67.00 
01/30/2019 10:50:00,    18.23 ,    53.59 ,    67.00 
01/30/2019 11:00:00,    18.39 ,    53.00 ,    67.00 
01/30/2019 11:10:00,    18.48 ,    53.00 ,    67.00 
01/30/2019 11:20:00,    18.33 ,    53.95 ,    67.00 
01/30/2019 11:30:00,    18.07 ,    55.00 ,    67.00 
01/30/2019 11:40:00,    17.99 ,    55.00 ,    67.00 
01/30/2019 11:50:00,    17.90 ,    55.01 ,    67.00 
01/30/2019 12:00:00,    17.90 ,    56.00 ,    67.00 
01/30/2019 12:10:00,    17.90 ,    56.00 ,    39.64 
01/30/2019 12:20:00,    17.90 ,    56.00 ,    58.62 
01/30/2019 12:30:00,    17.90 ,    56.00 ,    67.00 
01/30/2019 12:40:00,    17.90 ,    56.00 ,    67.00 
01/30/2019 12:50:00,    17.90 ,    56.14 ,    67.00 
01/30/2019 13:00:00,    17.90 ,    57.00 ,    67.00 
01/30/2019 13:10:00,    17.90 ,    57.00 ,    67.00 
01/30/2019 13:20:00,    17.90 ,    57.00 ,    67.00 
01/30/2019 13:30:00,    17.90 ,    57.00 ,    67.00 
01/30/2019 13:40:00,    17.90 ,    57.00 ,    67.00 
01/30/2019 13:50:00,    17.90 ,    57.00 ,    67.00 
01/30/2019 14:00:00,    17.95 ,    57.21 ,    67.00 
01/30/2019 14:10:00,    17.90 ,    58.00 ,    67.00 
01/30/2019 14:20:00,    17.90 ,    58.00 ,    67.00 
01/30/2019 14:30:00,    17.90 ,    58.00 ,    67.00 
01/30/2019 14:40:00,    17.90 ,    58.00 ,    67.00 
01/30/2019 14:50:00,    17.90 ,    58.95 ,    67.00 
01/30/2019 15:00:00,    17.90 ,    59.00 ,    67.00 
01/30/2019 15:10:00,    17.90 ,    59.00 ,    67.00 
01/30/2019 15:20:00,    17.90 ,    59.21 ,    67.00 
01/30/2019 15:30:00,    17.97 ,    60.00 ,    67.00 
01/30/2019 15:40:00,    18.00 ,    60.00 ,    67.00 
01/30/2019 15:50:00,    18.00 ,    60.02 ,    67.00 
01/30/2019 16:00:00,    18.00 ,    61.00 ,    67.00 
01/30/2019 16:10:00,    17.96 ,    59.10 ,    67.00 
01/30/2019 16:20:00,    17.78 ,    58.12 ,    67.00 
01/30/2019 16:30:00,    17.70 ,    58.00 ,    67.00 
01/30/2019 16:40:00,    17.62 ,    58.00 ,    67.00 
01/30/2019 16:50:00,    17.61 ,    57.32 ,    67.00 
01/30/2019 17:00:00,    17.71 ,    57.00 ,    67.00 
01/30/2019 17:10:00,    17.80 ,    57.00 ,    67.00 
01/30/2019 17:20:00,    17.80 ,    57.00 ,    67.00 
01/30/2019 17:30:00,    17.80 ,    57.00 ,    67.00 
01/30/2019 17:40:00,    17.76 ,    57.00 ,    67.00 
01/30/2019 17:50:00,    17.70 ,    57.00 ,    67.00 
01/30/2019 18:00:00,    17.70 ,    57.00 ,    31.27 
01/30/2019 18:10:00,    17.72 ,    57.00 ,    67.00 
01/30/2019 18:20:00,    17.74 ,    57.00 ,    67.00 
01/30/2019 18:30:00,    17.70 ,    57.00 ,    67.00 
01/30/2019 18:40:00,    17.70 ,    57.00 ,    67.00 
01/30/2019 18:50:00,    17.70 ,    57.00 ,    67.00 
01/30/2019 19:00:00,    17.70 ,    57.00 ,    67.00 
01/30/2019 19:10:00,    17.87 ,    57.00 ,    67.00 
01/30/2019 19:20:00,    18.30 ,    56.24 ,    67.00 
01/30/2019 19:30:00,    18.57 ,    56.00 ,    67.00 
01/30/2019 19:40:00,    18.60 ,    56.00 ,    67.00 
01/30/2019 19:50:00,    18.55 ,    56.00 ,    67.00 
01/30/2019 20:00:00,    18.90 ,    56.49 ,    67.00 
01/30/2019 20:10:00,    18.96 ,    57.95 ,    67.00 
01/30/2019 20:20:00,    18.81 ,    58.00 ,    67.00 
01/30/2019 20:30:00,    18.80 ,    58.29 ,    67.00 
01/30/2019 20:40:00,    18.80 ,    59.00 ,    67.00 
01/30/2019 20:50:00,    18.78 ,    59.00 ,    67.00 
01/30/2019 21:00:00,    18.70 ,    59.00 ,    67.00 
01/30/2019 21:10:00,    18.70 ,    59.00 ,    67.00 
01/30/2019 21:20:00,    18.70 ,    59.49 ,    67.00 
01/30/2019 21:30:00,    18.70 ,    60.00 ,    67.00 
01/30/2019 21:40:00,    18.65 ,    60.00 ,    67.00 
01/30/2019 21:50:00,    18.65 ,    60.00 ,    67.00 
01/30/2019 22:00:00,    18.62 ,    60.00 ,    67.00 
01/30/2019 22:10:00,    18.60 ,    60.16 ,    67.00 
01/30/2019 22:20:00,    18.60 ,    61.00 ,    67.00 
01/30/2019 22:30:00,    18.55 ,    61.00 ,    67.00 
01/30/2019 22:40:00,    18.55 ,    61.00 ,    67.00 
01/30/2019 22:50:00,    18.50 ,    61.00 ,    67.00 
01/30/2019 23:00:00,    18.50 ,    61.00 ,    67.00 
01/30/2019 23:10:00,    18.50 ,    61.00 ,    67.00 
01/30/2019 23:20:00,    18.50 ,    61.00 ,    67.00 
01/30/2019 23:30:00,    18.48 ,    61.69 ,    67.00 
01/30/2019 23:40:00,    18.40 ,    62.00 ,    67.00 
01/30/2019 23:50:00,    18.40 ,    62.00 ,    67.00 
01/31/2019 00:00:00,    18.40 ,    62.00 ,    67.00 
01/31/2019 00:10:00,    18.40 ,    62.00 ,    67.00 
01/31/2019 00:20:00,    18.40 ,    62.89 ,    67.00 
01/31/2019 00:30:00,    18.40 ,    63.00 ,    67.00 
01/31/2019 00:40:00,    18.40 ,    63.00 ,    67.00 
01/31/2019 00:50:00,    18.40 ,    63.00 ,    67.00 
01/31/2019 01:00:00,    18.40 ,    63.00 ,    67.00 
01/31/2019 01:10:00,    18.34 ,    63.00 ,    67.00 
01/31/2019 01:20:00,    18.30 ,    63.00 ,    67.00 
01/31/2019 01:30:00,    18.30 ,    63.00 ,    67.00 
01/31/2019 01:40:00,    18.30 ,    63.00 ,    67.00 
01/31/2019 01:50:00,    18.30 ,    63.00 ,    67.00 
01/31/2019 02:00:00,    18.30 ,    63.22 ,    67.00 
01/31/2019 02:10:00,    18.30 ,    64.00 ,    67.00 
01/31/2019 02:20:00,    18.30 ,    64.00 ,    67.00 
01/31/2019 02:30:00,    18.30 ,    64.00 ,    67.00 
01/31/2019 02:40:00,    18.30 ,    64.00 ,    67.00 
01/31/2019 02:50:00,    18.30 ,    64.00 ,    67.00 
01/31/2019 03:00:00,    18.30 ,    64.00 ,    67.00 
01/31/2019 03:10:00,    18.30 ,    64.00 ,    67.00 
01/31/2019 03:20:00,    18.30 ,    64.00 ,    67.00 
01/31/2019 03:30:00,    18.30 ,    64.00 ,    67.00 
01/31/2019 03:40:00,    18.29 ,    64.00 ,    67.00 
01/31/2019 03:50:00,    18.20 ,    64.00 ,    67.00 
01/31/2019 04:00:00,    18.20 ,    64.00 ,    67.00 
01/31/2019 04:10:00,    18.20 ,    64.00 ,    67.00 
01/31/2019 04:20:00,    18.20 ,    64.00 ,    67.00 
01/31/2019 04:30:00,    18.20 ,    64.00 ,    67.00 
01/31/2019 04:40:00,    18.20 ,    64.00 ,    67.00 
01/31/2019 04:50:00,    18.20 ,    64.00 ,    67.00 
01/31/2019 05:00:00,    18.20 ,    64.00 ,    67.00 
01/31/2019 05:10:00,    18.20 ,    64.00 ,    67.00 
01/31/2019 05:20:00,    18.10 ,    64.00 ,    67.00 
01/31/2019 05:30:00,    18.10 ,    64.00 ,    67.00 
01/31/2019 05:40:00,    18.10 ,    64.00 ,    67.00 
01/31/2019 05:50:00,    18.10 ,    64.30 ,    67.00 
01/31/2019 06:00:00,    18.10 ,    65.00 ,    67.00 
01/31/2019 06:10:00,    18.03 ,    65.00 ,    56.17 
01/31/2019 06:20:00,    18.00 ,    65.00 ,     6.37 
01/31/2019 06:30:00,    18.00 ,    65.00 ,    67.00 
01/31/2019 06:40:00,    18.00 ,    65.00 ,    67.00 
01/31/2019 06:50:00,    18.00 ,    65.00 ,    67.00 
01/31/2019 07:00:00,    17.91 ,    65.00 ,    67.00 
01/31/2019 07:10:00,    17.90 ,    65.00 ,    31.27 
01/31/2019 07:20:00,    17.76 ,    64.31 ,    31.27 
01/31/2019 07:30:00,    17.35 ,    62.00 ,    67.00 
01/31/2019 07:40:00,    17.60 ,    62.00 ,    67.00 
01/31/2019 07:50:00,    17.60 ,    62.00 ,    67.00 
01/31/2019 08:00:00,    17.60 ,    62.00 ,    67.00 
01/31/2019 08:10:00,    17.56 ,    62.00 ,    67.00 
01/31/2019 08:20:00,    17.50 ,    62.00 ,    67.00 
01/31/2019 08:30:00,    17.50 ,    62.00 ,    67.00 
01/31/2019 08:40:00,    17.42 ,    62.00 ,    67.00 
01/31/2019 08:50:00,    17.40 ,    62.00 ,    67.00 
01/31/2019 09:00:00,    17.39 ,    62.53 ,    67.00 
01/31/2019 09:10:00,    17.30 ,    62.00 ,    67.00 
01/31/2019 09:20:00,    17.30 ,    62.00 ,    67.00 
01/31/2019 09:30:00,    17.26 ,    62.00 ,    67.00 
01/31/2019 09:40:00,    17.20 ,    62.00 ,    67.00 
01/31/2019 09:50:00,    17.20 ,    62.00 ,    67.00 
01/31/2019 10:00:00,    17.18 ,    62.00 ,    67.00 
01/31/2019 10:10:00,    17.10 ,    62.00 ,    31.38 
01/31/2019 10:20:00,    17.10 ,    62.00 ,    67.00 
01/31/2019 10:30:00,    17.10 ,    62.00 ,    67.00 
01/31/2019 10:40:00,    17.00 ,    62.00 ,    67.00 
01/31/2019 10:50:00,    17.00 ,    62.00 ,    67.00 
01/31/2019 11:00:00,    16.96 ,    62.00 ,    67.00 
01/31/2019 11:10:00,    16.90 ,    62.00 ,    67.00 
01/31/2019 11:20:00,    16.90 ,    62.00 ,    67.00 
01/31/2019 11:30:00,    16.88 ,    62.00 ,    55.05 
01/31/2019 11:40:00,    16.80 ,    61.89 ,     7.59 
01/31/2019 11:50:00,    16.80 ,    61.00 ,    67.00 
01/31/2019 12:00:00,    16.70 ,    61.00 ,    67.00 
01/31/2019 12:10:00,    16.70 ,    61.00 ,    67.00 
01/31/2019 12:20:00,    16.66 ,    61.00 ,    31.27 
01/31/2019 12:30:00,    16.60 ,    61.00 ,    67.00 
01/31/2019 12:40:00,    16.60 ,    61.00 ,    67.00 
01/31/2019 12:50:00,    16.58 ,    61.00 ,    67.00 
01/31/2019 13:00:00,    16.50 ,    61.00 ,    67.00 
01/31/2019 13:10:00,    16.50 ,    61.00 ,    63.43 
01/31/2019 13:20:00,    16.50 ,    61.00 ,    34.95 
01/31/2019 13:30:00,    16.40 ,    61.00 ,    67.00 
01/31/2019 13:40:00,    16.40 ,    61.00 ,    67.00 
01/31/2019 13:50:00,    16.40 ,    61.00 ,    67.00 
01/31/2019 14:00:00,    16.40 ,    60.74 ,    67.00 
01/31/2019 14:10:00,    16.33 ,    60.00 ,    31.38 
01/31/2019 14:20:00,    16.30 ,    60.00 ,    67.00 
01/31/2019 14:30:00,    16.30 ,    60.00 ,    67.00 
01/31/2019 14:40:00,    16.25 ,    60.00 ,    67.00 
01/31/2019 14:50:00,    16.20 ,    60.00 ,    67.00 
01/31/2019 15:00:00,    16.20 ,    60.00 ,    67.00 
01/31/2019 15:10:00,    16.20 ,    60.00 ,    67.00 
01/31/2019 15:20:00,    16.17 ,    60.00 ,    67.00 
01/31/2019 15:30:00,    16.10 ,    60.00 ,    67.00 
01/31/2019 15:40:00,    16.09 ,    60.00 ,    67.00 
01/31/2019 15:50:00,    16.05 ,    60.00 ,    62.31 
01/31/2019 16:00:00,    16.00 ,    60.00 ,    35.96 
01/31/2019 16:10:00,    16.00 ,    59.53 ,    67.00 
01/31/2019 16:20:00,    15.96 ,    59.00 ,    67.00 
01/31/2019 16:30:00,    15.90 ,    59.00 ,    67.00 
01/31/2019 16:40:00,    15.90 ,    59.00 ,    67.00 
01/31/2019 16:50:00,    15.83 ,    59.00 ,    67.00 
01/31/2019 17:00:00,    15.80 ,    59.00 ,    67.00 
01/31/2019 17:10:00,    15.74 ,    59.00 ,    61.64 
01/31/2019 17:20:00,    15.70 ,    59.00 ,    36.63 
01/31/2019 17:30:00,    15.70 ,    59.00 ,    67.00 
01/31/2019 17:40:00,    15.66 ,    59.00 ,    67.00 
01/31/2019 17:50:00,    15.60 ,    59.00 ,     7.82 
01/31/2019 18:00:00,    15.60 ,    59.00 ,    54.83 
01/31/2019 18:10:00,    15.52 ,    59.00 ,    67.00 
01/31/2019 18:20:00,    15.50 ,    58.47 ,    56.62 
01/31/2019 18:30:00,    15.49 ,    58.38 ,    41.65 
01/31/2019 18:40:00,    15.40 ,    58.00 ,    67.00 
01/31/2019 18:50:00,    15.40 ,    58.00 ,    67.00 
01/31/2019 19:00:00,    15.40 ,    58.00 ,    67.00 
01/31/2019 19:10:00,    15.38 ,    58.00 ,    67.00 
01/31/2019 19:20:00,    15.70 ,    57.17 ,    31.27 
01/31/2019 19:30:00,    15.98 ,    56.77 ,    67.00 
01/31/2019 19:40:00,    16.17 ,    56.00 ,    67.00 
01/31/2019 19:50:00,    16.27 ,    56.00 ,    67.00 
01/31/2019 20:00:00,    16.40 ,    56.00 ,    67.00 
01/31/2019 20:10:00,    16.75 ,    56.00 ,    67.00 
01/31/2019 20:20:00,    17.00 ,    56.00 ,    67.00 
01/31/2019 20:30:00,    17.00 ,    56.90 ,    67.00 
01/31/2019 20:40:00,    17.03 ,    57.00 ,    67.00 
01/31/2019 20:50:00,    17.12 ,    57.00 ,    67.00 
01/31/2019 21:00:00,    17.20 ,    57.00 ,    67.00 
01/31/2019 21:10:00,    17.20 ,    57.00 ,    67.00 
01/31/2019 21:20:00,    17.26 ,    57.57 ,    67.00 
01/31/2019 21:30:00,    17.30 ,    58.00 ,    67.00 
01/31/2019 21:40:00,    17.30 ,    58.00 ,    67.00 
01/31/2019 21:50:00,    17.30 ,    58.00 ,    67.00 
01/31/2019 22:00:00,    17.30 ,    58.00 ,    67.00 
01/31/2019 22:10:00,    17.30 ,    58.77 ,    67.00 
01/31/2019 22:20:00,    17.30 ,    59.00 ,    67.00 
01/31/2019 22:30:00,    17.30 ,    59.00 ,    67.00 
01/31/2019 22:40:00,    17.30 ,    59.04 ,    67.00 
01/31/2019 22:50:00,    17.30 ,    60.00 ,    67.00 
01/31/2019 23:00:00,    17.30 ,    60.00 ,    67.00 
01/31/2019 23:10:00,    17.30 ,    60.00 ,    67.00 
01/31/2019 23:20:00,    17.30 ,    60.00 ,    67.00 
01/31/2019 23:30:00,    17.30 ,    60.24 ,    67.00 
01/31/2019 23:40:00,    17.30 ,    61.00 ,    67.00 
01/31/2019 23:50:00,    17.30 ,    61.00 ,    67.00 
02/01/2019 00:00:00,    17.30 ,    61.00 ,    67.00 
02/01/2019 00:10:00,    17.30 ,    61.00 ,    67.00 
02/01/2019 00:20:00,    17.30 ,    61.00 ,    67.00 
02/01/2019 00:30:00,    17.30 ,    61.91 ,    67.00 
02/01/2019 00:40:00,    17.30 ,    62.00 ,    67.00 
02/01/2019 00:50:00,    17.30 ,    62.00 ,    67.00 
02/01/2019 01:00:00,    17.30 ,    62.00 ,    67.00 
02/01/2019 01:10:00,    17.30 ,    62.00 ,    67.00 
02/01/2019 01:20:00,    17.30 ,    62.05 ,    67.00 
02/01/2019 01:30:00,    17.30 ,    63.00 ,    67.00 
02/01/2019 01:40:00,    17.30 ,    63.00 ,    67.00 
02/01/2019 01:50:00,    17.30 ,    63.00 ,    67.00 
02/01/2019 02:00:00,    17.30 ,    63.00 ,    67.00 
02/01/2019 02:10:00,    17.30 ,    63.00 ,    67.00 
02/01/2019 02:20:00,    17.30 ,    63.00 ,    67.00 
02/01/2019 02:30:00,    17.30 ,    63.00 ,    67.00 
02/01/2019 02:40:00,    17.30 ,    63.05 ,    67.00 
02/01/2019 02:50:00,    17.30 ,    64.00 ,    67.00 
02/01/2019 03:00:00,    17.30 ,    64.00 ,    67.00 
02/01/2019 03:10:00,    17.30 ,    64.00 ,    67.00 
02/01/2019 03:20:00,    17.30 ,    64.00 ,    67.00 
02/01/2019 03:30:00,    17.30 ,    64.00 ,    67.00 
02/01/2019 03:40:00,    17.30 ,    64.00 ,    67.00 
02/01/2019 03:50:00,    17.25 ,    64.00 ,    58.74 
02/01/2019 04:00:00,    17.30 ,    64.00 ,    39.64 
02/01/2019 04:10:00,    17.30 ,    64.00 ,    67.00 
02/01/2019 04:20:00,    17.30 ,    64.00 ,    67.00 
02/01/2019 04:30:00,    17.30 ,    64.00 ,    67.00 
02/01/2019 04:40:00,    17.30 ,    64.00 ,    67.00 
02/01/2019 04:50:00,    17.27 ,    64.00 ,    67.00 
02/01/2019 05:00:00,    17.25 ,    64.00 ,    67.00 
02/01/2019 05:10:00,    17.27 ,    64.00 ,    67.00 
02/01/2019 05:20:00,    17.30 ,    64.00 ,    67.00 
02/01/2019 05:30:00,    17.30 ,    64.00 ,    67.00 
02/01/2019 05:40:00,    17.30 ,    64.00 ,    67.00 
02/01/2019 05:50:00,    17.30 ,    64.00 ,    67.00 
02/01/2019 06:00:00,    17.30 ,    64.00 ,    67.00 
02/01/2019 06:10:00,    17.27 ,    64.00 ,    67.00 
02/01/2019 06:20:00,    17.20 ,    64.00 ,    67.00 
02/01/2019 06:30:00,    17.13 ,    64.00 ,    67.00 
02/01/2019 06:40:00,    17.09 ,    64.00 ,    67.00 
02/01/2019 06:50:00,    17.00 ,    64.00 ,    67.00 
02/01/2019 07:00:00,    16.95 ,    64.00 ,    67.00 
02/01/2019 07:10:00,    16.90 ,    64.00 ,    67.00 
02/01/2019 07:20:00,    16.87 ,    62.79 ,    67.00 
02/01/2019 07:30:00,    16.64 ,    61.47 ,    67.00 
02/01/2019 07:40:00,    16.60 ,    62.74 ,    67.00 
02/01/2019 07:50:00,    16.60 ,    63.00 ,    67.00 
02/01/2019 08:00:00,    16.59 ,    63.00 ,    67.00 
02/01/2019 08:10:00,    16.50 ,    63.00 ,    67.00 
02/01/2019 08:20:00,    16.50 ,    63.00 ,    67.00 
02/01/2019 08:30:00,    16.41 ,    62.47 ,    67.00 
02/01/2019 08:40:00,    16.40 ,    63.00 ,    67.00 
02/01/2019 08:50:00,    16.40 ,    62.19 ,    67.00 
02/01/2019 09:00:00,    16.38 ,    62.00 ,    67.00 
02/01/2019 09:10:00,    16.30 ,    62.00 ,    67.00 
02/01/2019 09:20:00,    16.30 ,    62.00 ,    67.00 
02/01/2019 09:30:00,    16.30 ,    62.00 ,    67.00 
02/01/2019 09:40:00,    16.20 ,    62.00 ,    67.00 
02/01/2019 09:50:00,    16.20 ,    62.00 ,    67.00 
02/01/2019 10:00:00,    16.11 ,    62.00 ,    67.00 
02/01/2019 10:10:00,    16.10 ,    62.00 ,    67.00 
02/01/2019 10:20:00,    16.10 ,    61.78 ,    31.38 
02/01/2019 10:30:00,    16.03 ,    61.00 ,    67.00 
02/01/2019 10:40:00,    16.00 ,    61.00 ,    67.00 
02/01/2019 10:50:00,    16.00 ,    61.00 ,    67.00 
02/01/2019 11:00:00,    16.00 ,    61.00 ,    67.00 
02/01/2019 11:10:00,    15.90 ,    61.00 ,    67.00 
02/01/2019 11:20:00,    15.90 ,    61.00 ,    67.00 
02/01/2019 11:30:00,    15.90 ,    61.00 ,    31.27 
02/01/2019 11:40:00,    15.90 ,    61.00 ,    31.27 
02/01/2019 11:50:00,    15.83 ,    61.00 ,    55.95 
02/01/2019 12:00:00,    15.80 ,    61.00 ,     0.00 
02/01/2019 12:10:00,    15.80 ,    60.97 ,    37.97 
02/01/2019 12:20:00,    15.75 ,    60.00 ,    67.00 
02/01/2019 12:30:00,    15.70 ,    60.00 ,    67.00 
02/01/2019 12:40:00,    15.70 ,    60.00 ,    67.00 
02/01/2019 12:50:00,    15.70 ,    60.00 ,    67.00 
02/01/2019 13:00:00,    15.70 ,    60.00 ,    67.00 
02/01/2019 13:10:00,    15.68 ,    60.00 ,    67.00 
02/01/2019 13:20:00,    15.60 ,    60.00 ,    67.00 
02/01/2019 13:30:00,    15.60 ,    60.00 ,    64.10 
02/01/2019 13:40:00,    15.60 ,    60.00 ,    34.28 
02/01/2019 13:50:00,    15.60 ,    60.00 ,    67.00 
02/01/2019 14:00:00,    15.56 ,    60.00 ,    67.00 
02/01/2019 14:10:00,    15.50 ,    60.00 ,    67.00 
02/01/2019 14:20:00,    15.50 ,    60.00 ,    67.00 
02/01/2019 14:30:00,    15.50 ,    60.00 ,    67.00 
02/01/2019 14:40:00,    15.50 ,    60.00 ,    67.00 
02/01/2019 14:50:00,    15.50 ,    60.00 ,    67.00 
02/01/2019 15:00:00,    15.50 ,    60.00 ,    67.00 
02/01/2019 15:10:00,    15.50 ,    60.00 ,    67.00 
02/01/2019 15:20:00,    15.45 ,    59.47 ,    40.76 
02/01/2019 15:30:00,    15.41 ,    59.14 ,    57.51 
02/01/2019 15:40:00,    15.40 ,    59.00 ,    67.00 
02/01/2019 15:50:00,    15.40 ,    59.00 ,    31.27 
02/01/2019 16:00:00,    15.40 ,    59.00 ,    67.00 
02/01/2019 16:10:00,    15.40 ,    59.00 ,    67.00 
02/01/2019 16:20:00,    15.40 ,    59.00 ,    31.38 
02/01/2019 16:30:00,    15.40 ,    59.00 ,    67.00 
02/01/2019 16:40:00,    15.40 ,    59.00 ,    67.00 
02/01/2019 16:50:00,    15.40 ,    59.00 ,    67.00 
02/01/2019 17:00:00,    15.40 ,    59.00 ,    67.00 
02/01/2019 17:10:00,    15.33 ,    59.00 ,    67.00 
02/01/2019 17:20:00,    15.30 ,    59.00 ,    67.00 
02/01/2019 17:30:00,    15.30 ,    59.00 ,    67.00 
02/01/2019 17:40:00,    15.30 ,    59.00 ,    67.00 
02/01/2019 17:50:00,    15.30 ,    59.00 ,    34.95 
02/01/2019 18:00:00,    15.30 ,    59.00 ,    27.69 
02/01/2019 18:10:00,    15.30 ,    59.00 ,    31.38 
02/01/2019 18:20:00,    15.30 ,    59.00 ,    67.00 
02/01/2019 18:30:00,    15.28 ,    59.00 ,    67.00 
02/01/2019 18:40:00,    15.20 ,    59.00 ,    67.00 
02/01/2019 18:50:00,    15.20 ,    59.00 ,    67.00 
02/01/2019 19:00:00,    15.20 ,    59.00 ,    67.00 
02/01/2019 19:10:00,    15.25 ,    59.00 ,    67.00 
02/01/2019 19:20:00,    15.62 ,    58.04 ,    67.00 
02/01/2019 19:30:00,    16.01 ,    58.00 ,    67.00 
02/01/2019 19:40:00,    16.29 ,    58.00 ,    67.00 
02/01/2019 19:50:00,    16.50 ,    57.24 ,    67.00 
02/01/2019 20:00:00,    16.70 ,    57.00 ,    67.00 
02/01/2019 20:10:00,    16.91 ,    57.00 ,    67.00 
02/01/2019 20:20:00,    17.06 ,    57.00 ,    67.00 
02/01/2019 20:30:00,    17.25 ,    57.00 ,    67.00 
02/01/2019 20:40:00,    -4.67 ,    56.04 ,    67.00 
02/01/2019 20:50:00,    12.15 ,    56.00 ,    67.00 
02/01/2019 21:00:00,    17.62 ,    57.96 ,    67.00 
02/01/2019 21:10:00,    18.03 ,    59.23 ,    67.00 
02/01/2019 21:20:00,    17.93 ,    60.00 ,    67.00 
02/01/2019 21:30:00,    17.90 ,    60.00 ,    67.00 
02/01/2019 21:40:00,    17.96 ,    60.00 ,    67.00 
02/01/2019 21:50:00,    18.00 ,    60.00 ,    67.00 
02/01/2019 22:00:00,    18.00 ,    60.00 ,    67.00 
02/01/2019 22:10:00,    18.00 ,    60.00 ,    67.00 
02/01/2019 22:20:00,    18.00 ,    60.00 ,    67.00 
02/01/2019 22:30:00,    17.98 ,    60.77 ,    67.00 
02/01/2019 22:40:00,    17.95 ,    61.00 ,    67.00 
02/01/2019 22:50:00,    17.95 ,    61.00 ,    67.00 
02/01/2019 23:00:00,    17.90 ,    61.03 ,    67.00 
02/01/2019 23:10:00,    17.90 ,    62.00 ,    67.00 
02/01/2019 23:20:00,    17.90 ,    62.00 ,    67.00 
02/01/2019 23:30:00,    17.90 ,    62.00 ,    67.00 
02/01/2019 23:40:00,    17.90 ,    62.00 ,    67.00 
02/01/2019 23:50:00,    17.90 ,    62.00 ,    67.00 
02/02/2019 00:00:00,    17.90 ,    62.17 ,    67.00 
02/02/2019 00:10:00,    17.90 ,    62.47 ,    67.00 
02/02/2019 00:20:00,    17.84 ,    62.47 ,    67.00 
02/02/2019 00:30:00,    17.80 ,    63.00 ,    67.00 
02/02/2019 00:40:00,    17.80 ,    63.00 ,    67.00 
02/02/2019 00:50:00,    17.80 ,    63.00 ,    67.00 
02/02/2019 01:00:00,    17.80 ,    63.30 ,    67.00 
02/02/2019 01:10:00,    17.78 ,    64.00 ,    67.00 
02/02/2019 01:20:00,    17.70 ,    64.00 ,    67.00 
02/02/2019 01:30:00,    17.70 ,    64.00 ,    67.00 
02/02/2019 01:40:00,    17.64 ,    64.00 ,    67.00 
02/02/2019 01:50:00,    17.60 ,    64.00 ,    67.00 
02/02/2019 02:00:00,    17.60 ,    64.00 ,    67.00 
02/02/2019 02:10:00,    17.60 ,    64.38 ,    67.00 
02/02/2019 02:20:00,    17.60 ,    65.00 ,    67.00 
02/02/2019 02:30:00,    17.52 ,    65.00 ,    67.00 
02/02/2019 02:40:00,    17.50 ,    65.00 ,    67.00 
02/02/2019 02:50:00,    17.50 ,    65.00 ,    67.00 
02/02/2019 03:00:00,    17.50 ,    65.00 ,    67.00 
02/02/2019 03:10:00,    17.50 ,    65.00 ,    67.00 
02/02/2019 03:20:00,    17.50 ,    65.00 ,    67.00 
02/02/2019 03:30:00,    17.50 ,    65.00 ,    67.00 
02/02/2019 03:40:00,    17.50 ,    65.00 ,    67.00 
02/02/2019 03:50:00,    17.50 ,    65.00 ,    67.00 
02/02/2019 04:00:00,    17.50 ,    65.00 ,    67.00 
02/02/2019 04:10:00,    17.50 ,    65.65 ,    67.00 
02/02/2019 04:20:00,    17.50 ,    66.00 ,    67.00 
02/02/2019 04:30:00,    17.45 ,    65.48 ,    67.00 
02/02/2019 04:40:00,    17.40 ,    65.00 ,    67.00 
02/02/2019 04:50:00,    17.40 ,    65.00 ,    67.00 
02/02/2019 05:00:00,    17.40 ,    65.00 ,    67.00 
02/02/2019 05:10:00,    17.40 ,    65.00 ,    67.00 
02/02/2019 05:20:00,    17.40 ,    65.00 ,    67.00 
02/02/2019 05:30:00,    17.40 ,    65.65 ,    67.00 
02/02/2019 05:40:00,    17.40 ,    66.00 ,    67.00 
02/02/2019 05:50:00,    17.40 ,    66.00 ,    67.00 
02/02/2019 06:00:00,    17.40 ,    66.00 ,    67.00 
02/02/2019 06:10:00,    17.40 ,    66.00 ,    67.00 
02/02/2019 06:20:00,    17.40 ,    66.00 ,    67.00 
02/02/2019 06:30:00,    17.43 ,    66.00 ,    67.00 
02/02/2019 06:40:00,    17.43 ,    66.00 ,    67.00 
02/02/2019 06:50:00,    17.40 ,    66.00 ,    67.00 
02/02/2019 07:00:00,    17.40 ,    66.00 ,    67.00 
02/02/2019 07:10:00,    17.40 ,    66.00 ,    67.00 
02/02/2019 07:20:00,    17.35 ,    66.00 ,    67.00 
02/02/2019 07:30:00,    17.30 ,    66.00 ,    67.00 
02/02/2019 07:40:00,    17.25 ,    66.00 ,    67.00 
02/02/2019 07:50:00,    17.25 ,    65.74 ,    67.00 
02/02/2019 08:00:00,    17.03 ,    64.81 ,    67.00 
02/02/2019 08:10:00,    16.93 ,    63.75 ,    67.00 
02/02/2019 08:20:00,    16.83 ,    62.06 ,    67.00 
02/02/2019 08:30:00,    16.75 ,    64.58 ,    67.00 
02/02/2019 08:40:00,    16.80 ,    65.00 ,    67.00 
02/02/2019 08:50:00,    16.80 ,    64.60 ,    67.00 
02/02/2019 09:00:00,    16.77 ,    64.00 ,    67.00 
02/02/2019 09:10:00,    16.70 ,    64.00 ,    67.00 
02/02/2019 09:20:00,    16.70 ,    63.80 ,    67.00 
02/02/2019 09:30:00,    16.69 ,    63.00 ,    67.00 
02/02/2019 09:40:00,    16.60 ,    63.00 ,    67.00 
02/02/2019 09:50:00,    16.60 ,    63.00 ,    67.00 
02/02/2019 10:00:00,    16.60 ,    63.00 ,    67.00 
02/02/2019 10:10:00,    16.60 ,    63.00 ,    67.00 
02/02/2019 10:20:00,    16.57 ,    63.00 ,    67.00 
02/02/2019 10:30:00,    16.50 ,    62.20 ,    67.00 
02/02/2019 10:40:00,    16.50 ,    62.21 ,    67.00 
02/02/2019 10:50:00,    16.50 ,    63.00 ,    67.00 
02/02/2019 11:00:00,    16.46 ,    62.31 ,    67.00 
02/02/2019 11:10:00,    16.64 ,    61.54 ,    67.00 
02/02/2019 11:20:00,    16.45 ,    62.00 ,    67.00 
02/02/2019 11:30:00,    16.40 ,    62.00 ,    67.00 
02/02/2019 11:40:00,    16.40 ,    62.00 ,    67.00 
02/02/2019 11:50:00,    16.40 ,    62.00 ,    67.00 
02/02/2019 12:00:00,    16.33 ,    62.00 ,    67.00 
02/02/2019 12:10:00,    16.30 ,    62.00 ,    67.00 
02/02/2019 12:20:00,    16.30 ,    62.00 ,    67.00 
02/02/2019 12:30:00,    16.25 ,    62.00 ,    31.38 
02/02/2019 12:40:00,    16.20 ,    61.52 ,    67.00 
02/02/2019 12:50:00,    16.20 ,    61.00 ,    67.00 
02/02/2019 13:00:00,    16.20 ,    61.00 ,    67.00 
02/02/2019 13:10:00,    16.23 ,    60.71 ,    67.00 
02/02/2019 13:20:00,    16.50 ,    59.78 ,    67.00 
02/02/2019 13:30:00,    16.85 ,    59.00 ,    67.00 
02/02/2019 13:40:00,    17.07 ,    59.00 ,    67.00 
02/02/2019 13:50:00,    17.26 ,    58.44 ,    67.00 
02/02/2019 14:00:00,    17.55 ,    58.00 ,    67.00 
